a,b,c
0.5,5.004869689315816e-06,2.8941164723588427e-05
1.0,-5.2151613963197335e-06,5.467807420574867e-06
1.5,-1.6893927992974567e-06,3.0387464673380097e-06
2.0,-8.466529186424199e-07,1.8885317810181748e-06
2.5,-6.369174060064181e-07,1.2766743280907603e-06
3.0,-5.719567753474253e-07,9.241765009576496e-07
3.5,-5.4214648057525e-07,7.01593494784492e-07
4.0,-5.224381747046409e-07,5.953047441519107e-07
4.5,-5.067418738080956e-07,5.289295728888378e-07
5.0,-4.933351287667563e-07,4.7042226538223644e-07
5.5,-4.815719811519046e-07,4.190909021850425e-07
6.0,-4.711153007937753e-07,3.741569534044254e-07
6.5,-4.6174320934960644e-07,3.3484718930299976e-07
7.0,-4.5329174776764006e-07,3.0043978461362674e-07
7.5,-4.456328860760344e-07,2.702844863533562e-07
8.0,-4.386635360332746e-07,2.4380800918036755e-07
8.5,-4.32298885531966e-07,2.2051173316474285e-07
9.0,-4.2646800126041756e-07,1.999654675065442e-07
9.5,-4.2111075186408225e-07,1.817999490141033e-07
10.0,0.005216162363860215,4.997901911681646
10.5,0.022255551399702152,5.101033857190148
11.0,0.03808121616000971,5.583025845620259
11.5,0.0544038456944984,5.419086213711418
12.0,0.07007025798007203,5.012717416775277
12.5,0.08682758165551287,5.175788761994493
13.0,0.10466096650037951,5.068990750339963
13.5,0.12230286326204975,4.658699943669321
14.0,0.14173154053918216,4.773763913217885
14.5,0.16178626915409203,4.660498645518708
15.0,0.18211052622778445,4.350029325759828
15.5,0.20416257509263214,4.3654944045172845
16.0,0.2246039958508784,4.017908977849948
16.5,0.24860576204648474,4.096058944665799
17.0,0.2721099008540854,4.006234436004254
17.5,0.29514814057891603,3.6623395431648267
18.0,0.3212931540987294,3.743346835640086
18.5,0.3457455523198072,3.603015161442368
19.0,0.36979110842636537,3.2858996404699434
19.5,0.3565878855304723,0.5543870185495463
20.0,0.3532499713248135,0.4816362952547254
20.5,0.3371875443902602,0.37431863177593144
21.0,0.33062170263153146,0.2666796058632018
21.5,0.3254193587824335,0.25490759466130675
22.0,0.32199731180649843,0.20374749460175443
22.5,0.318188188345088,0.20389599957894863
23.0,0.31524769001611214,0.17629667368214366
23.5,0.3120445658990604,0.1758827749844564
24.0,0.3094302191241512,0.16489265499644176
24.5,0.3066673459056689,0.155774250503683
25.0,0.3043251229132197,0.153371022005129
25.5,0.30190330234896107,0.1448084973622328
26.0,0.2997890404382488,0.14276520105269186
26.5,0.2976376436404528,0.13567512819154998
27.0,0.2957153837531852,0.1332089884744606
27.5,0.2937824712934836,0.1272733388837267
28.0,0.2920232716356992,0.12461829566900097
28.5,0.29026978749661303,0.11957613083515876
29.0,0.28865023817982843,0.11687228489241448
29.5,0.28704623887731,0.11252648227995062
30.0,0.28554723635527873,0.10985837162692767
30.5,0.2840693787075016,0.10606301355460032
31.0,0.2826751988783329,0.10348063245171235
31.5,0.2813050206615386,0.10012756323820751
32.0,0.28000262167066287,0.09765896392521835
32.5,0.27872533379608777,0.09466721796804549
33.0,0.2775038242131447,0.09232643321943901
33.5,0.2763074428994094,0.08963457374590832
34.0,0.27515766965130034,0.08742672133751864
34.5,0.27403238113705314,0.08498742502779245
35.0,0.27294660608433163,0.08291203702096253
35.5,0.2718842943102324,0.08068828287858658
36.0,0.2708559378558458,0.07874148823189421
36.5,0.2698498286591931,0.07670386473278733
37.0,0.2688732649109176,0.07487982030258632
37.5,0.2679176548919512,0.07300460817869218
38.0,0.26698804697584455,0.07129643269686242
38.5,0.26607809474478816,0.06956422729337809
39.0,0.2651912616849283,0.06796460499440492
39.5,0.26432282561452014,0.06635931636151583
40.0,0.26347513421301505,0.06486088054676759
40.5,0.2626446452275442,0.0633690000169176
41.0,0.2618329218617468,0.06196457008498747
41.5,0.2610372828778775,0.06057462642000054
42.0,0.2602587412464085,0.05925734764333262
42.5,0.2594952470658308,0.057959499199552796
43.0,0.2587474287628713,0.056722918385165966
43.5,0.25801370179103483,0.055508643735875975
44.0,0.2572944272415966,0.054346743088552946
44.5,0.25658836554726755,0.053208603561684595
45.0,0.2558956933414597,0.05211580777585197
45.5,0.2552154284112589,0.051047263009990344
46.0,0.25454762147286425,0.05001842968405515
46.5,0.2538914836336563,0.04901369264804246
47.0,0.25324698096913856,0.04804409276807428
47.5,0.25261347091613484,0.04709801444702026
48.0,0.25199086393397235,0.04618330741515645
48.5,0.25137862915115927,0.04529128402624071
49.0,0.25077664173863534,0.044427490165835665
49.5,0.2501844568608938,0.043585387663702936
50.0,0.24960192855898217,0.04276886008750309
50.5,0.24902867893029443,0.041972952079404754
51.0,0.24846455067109446,0.041200349100438294
51.5,0.24790921850618533,0.04044726527400671
52.0,0.2473625204773972,0.03971552406514931
52.5,0.24682417315697308,0.03900220694525309
53.0,0.24629401443660623,0.03830851883708322
53.5,0.2457717945579408,0.03763218721243882
54.0,0.24525735422863348,0.03697397481199108
54.5,0.24475047110853665,0.036332092556442416
55.0,0.2442509906103344,0.03570698873553005
55.5,0.24375871299582902,0.03509723803693815
56.0,0.24327348952086503,0.03450306675556179
56.5,0.24279513930635344,0.03392332497887774
57.0,0.24232352007221844,0.03335808385827247
57.5,0.24185846686222506,0.032806403432153526
58.0,0.24139984412790327,0.03226824796538389
58.5,0.24094750051097033,0.03174283880483093
59.0,0.24050130722428,0.031230068078987937
59.5,0.24006112464772061,0.03072928215158988
60.0,0.23962683063028034,0.0302403259532349
60.5,0.23919829578577717,0.029762643669574707
61.0,0.23877540437653358,0.029296050846830943
61.5,0.23835803602132466,0.02884006901376837
62.0,0.23794608111411225,0.028394496975077458
62.5,0.2375394272637847,0.027958918095666287
63.0,0.23713797068344833,0.027533123332779408
63.5,0.2367416061253487,0.027116746072163165
64.0,0.23635023529617163,0.02670957560479684
64.5,0.2359637593776898,0.026311286271381747
65.0,0.23558208524509988,0.025921669918836945
65.5,0.23520511990133933,0.025540434832539725
66.0,0.23483277507291309,0.02516737822778077
66.5,0.2344649630614475,0.0248022368670259
67.0,0.23410160013987955,0.024444815135997215
67.5,0.23374260345579725,0.024094873970287888
68.0,0.2333878935396204,0.023752226008627343
68.5,0.23303739198872736,0.023416652937046985
69.0,0.2326910233194159,0.023087976221579796
69.5,0.23234871323028122,0.02276599554829545
70.0,0.23201038996878595,0.022450541429290694
70.5,0.23167598302631226,0.02214142931596583
71.0,0.23134542414412662,0.02183849874085382
71.5,0.2310186463309146,0.02154157908419427
72.0,0.230695584601526,0.021250518708762836
72.5,0.2303761752349421,0.020965159397408076
73.0,0.23006035631518687,0.020685358045878066
73.5,0.2297480671687597,0.02041096755691635
74.0,0.2294392487597121,0.02014185299583496
74.5,0.22913384326065744,0.01987787729572723
75.0,0.22883179433981662,0.019618913290832714
75.5,0.22853304683314266,0.019364833009673312
76.0,0.22823754695055032,0.019115516637944537
76.5,0.22794524202411376,0.018870844489679357
77.0,0.2276560806551676,0.018630703681982393
77.5,0.22737001251901165,0.018394982106468113
78.0,0.22708698846880795,0.018163573398433337
78.5,0.2268069603830695,0.017936372403483867
79.0,0.22717430965175836,0.05129293467206876
79.5,0.19830818097308248,3.2261025038960174
80.0,0.17316993590397264,3.8242197609694886
80.5,0.13909010027666702,3.6965086682141637
81.0,0.11478604735534208,3.8877486563959778
81.5,0.09355767379806765,4.110954207192587
82.0,0.0749894638318325,3.9283342123231693
82.5,0.0571254620381446,4.2958287773806525
83.0,0.04123339693875549,4.189746948678433
83.5,0.026313442472122327,4.347018693019809
84.0,0.012823996893863,4.458320614213342
84.5,0.00027357215399491207,4.560342496245955
85.0,-0.011171344887331744,4.664428199069007
85.5,-0.021499341448208847,4.766053805162403
86.0,-0.030776696322202902,4.864682117075021
86.5,-0.03902238352578428,4.957886560685516
87.0,-0.046267356552620584,5.042865438676334
87.5,-0.05253729896109382,5.115317260546693
88.0,-0.05786359731920861,5.168890161253758
88.5,-0.06317080229842366,4.44455787928948
89.0,-0.0707719596594639,5.757920907975082
89.5,-0.04548801319944209,5.578693300022708
90.0,-0.029007688669440226,5.021179982215816
90.5,-0.013785784674977205,5.469763671516625
91.0,0.0029868056937402666,5.300917084532958
91.5,0.019330778846437267,4.908875617847261
92.0,0.036298017924416386,5.0768084338136
92.5,0.054561672408916136,4.975238226854051
93.0,0.07318089079054771,4.671896286040114
93.5,0.09293578723885773,4.711344484187028
94.0,0.11267410553273059,4.429113982195464
94.5,0.13383928440715812,4.372894404971035
95.0,0.15598431126585724,4.33806463769633
95.5,0.17757415846765776,3.9890458399745894
96.0,0.20186913433048972,4.0793189865020345
96.5,0.22604059725442527,3.991248897644275
97.0,0.24991300602556266,3.6615136552316923
97.5,0.2751717339985092,3.6129919055951865
98.0,0.29387411090820037,3.002206481019286
98.5,0.28519476847842895,0.5492635504806112
99.0,0.28142064312391957,0.41652457403949655
99.5,0.26811670830738554,0.2866111552752179
100.0,0.26332400814321016,0.20941719861213695
100.5,0.2598184805558181,0.18183038543736657
101.0,0.2576002868962323,0.1390336635252864
101.5,0.2551204777538918,0.1358233185072728
102.0,0.25329514126658487,0.1087324649951421
102.5,0.2512674437754957,0.10940021588839598
103.0,0.2497024093969387,0.09176571820615448
103.5,0.24800555142726102,0.09184527484457458
104.0,0.24664966165951208,0.07958327930527881
104.5,0.24520771661754406,0.0790239206946443
105.0,0.24402088119338497,0.07008193052846604
105.5,0.2427786417511068,0.06958962665325061
106.0,0.2417294072174714,0.06283882587876817
106.5,0.24064582099441975,0.062386250203436154
107.0,0.23970967690951242,0.058743733469014965
107.5,0.2387537330060729,0.05659316208179141
108.0,0.23791145024542731,0.0550223388179464
108.5,0.23705938219275074,0.052418845338085183
109.0,0.23629571463665444,0.05164296286049474
109.5,0.23552907474806767,0.049427437744528485
110.0,0.2348318066335913,0.048567871579440335
110.5,0.23413611628506478,0.04665952787891644
111.0,0.23349536747051114,0.04576173090726843
111.5,0.23285915184842212,0.04409937601555583
112.0,0.2322668651811195,0.043193575167834466
112.5,0.23168095003335307,0.0417306541656985
113.0,0.231130507013447,0.04083676727087286
113.5,0.23058749807529766,0.039537572000181445
114.0,0.2300734262519994,0.038668438832906965
114.5,0.22956731874163697,0.03750531025351415
115.0,0.22908506594858588,0.0366688792151334
115.5,0.2286109483459034,0.03562016510414649
116.0,0.22815670653018075,0.03482100164219248
116.5,0.22771053372156988,0.03386956615271913
117.0,0.22728110015912006,0.03310990593091868
117.5,0.22685951824966583,0.03224203721420794
118.0,0.22645218532938166,0.0315225267327353
118.5,0.226052395342249,0.03072713133375102
119.0,0.22566486243074357,0.03004735062293681
119.5,0.2252845135403879,0.029315355253674253
120.0,0.2249148160770362,0.028674187001780087
120.5,0.2245519214514843,0.0279980911466914
121.0,0.22419837360186085,0.027393980841054585
121.5,0.22385124367725787,0.026767519771561644
122.0,0.22351239173006354,0.0261986581393443
122.5,0.2231795810146751,0.02561654726905064
123.0,0.22285416534571204,0.02508099718393559
123.5,0.22253442978790658,0.02453873672518534
124.0,0.22222135369183324,0.024034520394208843
124.5,0.22191361634393078,0.02352824498939855
125.0,0.22161192039931416,0.023053402757919398
125.5,0.22131524362976124,0.022579764852945976
126.0,0.22102408454100345,0.022132393782818498
126.5,0.2207376474428382,0.02168847246428245
127.0,0.220456280517986,0.021266750563471125
127.5,0.22017936045922137,0.020849979725255305
128.0,0.21990712505312185,0.020452180068287775
128.5,0.21963908254407694,0.020060291339592487
129.0,0.21937538992553055,0.01968478913610991
129.5,0.21911565615412568,0.01931576615233616
130.0,0.21885997936284957,0.01896104096478595
130.5,0.21860804588467186,0.018613082410781998
131.0,0.21835991122505816,0.01827771710155677
131.5,0.21811532140023687,0.017949206585178946
132.0,0.2178743012862279,0.017631884122984404
132.5,0.21763664313856831,0.01732136540367748
133.0,0.21740235005603853,0.017020864332829354
133.5,0.21717125029467996,0.0167270207798488
134.0,0.21694333169112726,0.01644220991824339
134.5,0.21671845068437048,0.01616384733435356
135.0,0.2164965846299785,0.015893680095513976
135.5,0.2162776121640764,0.015629712239660393
136.0,0.21606150365575677,0.015373220849500316
136.5,0.21584815534107024,0.01512265714115353
137.0,0.21563753314429154,0.014878946931588796
137.5,0.2154295473585727,0.014640881932247688
138.0,0.2152241612998119,0.014409125830241343
138.5,0.21502129657772043,0.014182730184750941
139.0,0.21482091521539842,0.013962163469428588
139.5,0.21462294801079912,0.013746676055374963
140.0,0.21442735662593124,0.01353659142485373
140.5,0.21423407938588232,0.013331312509732811
141.0,0.2140430782413214,0.013131055476545915
141.5,0.21385429774219739,0.012935340721591061
142.0,0.21366770057113935,0.012744305340725343
142.5,0.2134832364757659,0.01255756052174391
143.0,0.21330086916349525,0.012375185444970816
143.5,0.2131205527648178,0.01219686178363029
144.0,0.2129422521959917,0.012022626627851335
144.5,0.21276592531967517,0.011852216646792695
145.0,0.21259153836646777,0.011685638659288648
145.5,0.21241905240800205,0.011522672489083095
146.0,0.2122484350392208,0.011363303491517561
146.5,0.2120796501167203,0.011207345569412103
147.0,0.21191266661071645,0.011054769160503235
147.5,0.2117474508164639,0.010905415271045295
148.0,0.2072669175478041,0.46890738515712965
148.5,0.1794006512961356,3.4355820357095856
149.0,0.15236689583965948,3.8969451270491757
149.5,0.12059132141172102,3.656401492441804
150.0,0.09749197989942951,3.891953274190462
150.5,0.07751587057668369,4.128878720811518
151.0,0.05942616073616305,3.9377037682190723
151.5,0.04255344459877978,4.232706803567752
152.0,0.027244214594700094,4.273424291952301
152.5,0.01280281979387081,4.364706906447755
153.0,-0.00022939541942219798,4.468037079250472
153.5,-0.01212105040583812,4.5695641617031555
154.0,-0.022949035674740693,4.671573504821051
154.5,-0.03270683377701843,4.771222503464642
155.0,-0.041432421349506,4.86731788380483
155.5,-0.049146203491872466,4.957555726225241
156.0,-0.05587653788378262,5.038928129696525
156.5,-0.06165038043196123,5.106846809104662
157.0,-0.06650003640681292,5.154466935023549
157.5,-0.07386523719133271,2.271903301904879
158.0,-0.07412361390382746,5.67377841703388
158.5,-0.05110159271009613,5.4500061615594735
159.0,-0.0347945409466271,5.409534800171868
159.5,-0.01913613722086793,4.941780229309165
160.0,-0.0037383703764338363,5.3524141376782115
160.5,0.013378609232235567,5.174134329200055
161.0,0.0302971112108652,4.778835759680726
161.5,0.04802367333932226,4.929483444559685
162.0,0.0669528556576928,4.824254689672336
162.5,0.08628599804612384,4.524476163827343
163.0,0.10687097545584336,4.5583530078673915
163.5,0.12679787236705442,4.20323144364607
164.0,0.14926363557344863,4.301310191061942
164.5,0.17200462192487692,4.2044664903994144
165.0,0.1945608207177831,3.8573958623016438
165.5,0.2195997031587713,3.9500773358104597
166.0,0.24444571510564947,3.8669152743054416
166.5,0.2689386469261121,3.5510043197844556
167.0,0.28116810758392413,2.3192716104514277
167.5,0.27337833768635866,0.4260191666549791
168.0,0.2670052739335211,0.37790380563842796
168.5,0.2556989970545223,0.26288563534692855
169.0,0.2513931712328506,0.19650795096437668
169.5,0.24831179823663446,0.1683708041431414
170.0,0.2460929471903537,0.13338242984923537
170.5,0.24384501101215936,0.12663746096584008
171.0,0.2420307902971762,0.1060390896417881
171.5,0.24018353450240432,0.10232048760375849
172.0,0.23864841083238847,0.08884557988229176
172.5,0.23710044594281277,0.08599347894304495
173.0,0.23578665549987116,0.07650194600071263
173.5,0.23447156953784,0.07397119565433295
174.0,0.23333480572598653,0.06692858143683358
174.5,0.23220353119215656,0.06460310638666898
175.0,0.2312096118994403,0.0591865654007248
175.5,0.23022527701690784,0.05772686039079815
176.0,0.2293478225168112,0.053387215355929864
176.5,0.22848233332738724,0.052096920910180165
177.0,0.22770080029781653,0.049957098948203674
177.5,0.22693246018369992,0.047986349351777986
178.0,0.22623067033063482,0.046826005939384484
178.5,0.225542519038292,0.044998313739570264
179.0,0.22490759464626475,0.04396594215196156
179.5,0.22428623320944852,0.04235703250558151
180.0,0.22370782546521717,0.04134867197872038
180.5,0.22314256948276134,0.03992058297725702
181.0,0.22261229143755715,0.038948469367203684
181.5,0.22209454994716438,0.03767145857701493
182.0,0.22160555326610784,0.03674262779382497
182.5,0.2211283659171994,0.03559322451064982
183.0,0.22067502029950653,0.03471127466957392
183.5,0.22023270788494037,0.03367077470167758
184.0,0.21981035513453645,0.03283701631775704
184.5,0.21939825275754282,0.031890352685786036
185.0,0.2190030160542912,0.03110458195560243
185.5,0.21861726744129176,0.030239484294741305
186.0,0.21824590203693306,0.029500512320664453
186.5,0.21788329966643857,0.028706880203546746
187.0,0.21753307506229788,0.028012898561361847
187.5,0.21719093498942438,0.027282331609325146
188.0,0.21685954129777546,0.026631165569621237
188.5,0.21653560449371884,0.025956608464525563
189.0,0.2162210775526398,0.025345891910550998
189.5,0.21591343167111177,0.024721364004429695
190.0,0.21561409281733002,0.024148659261895206
190.5,0.21532110981018862,0.02356904688766508
191.0,0.21503551719442612,0.023031925604453087
191.5,0.21475580330539676,0.022492821199696835
192.0,0.21448271235165556,0.02198891764192733
192.5,0.21421506783399086,0.021486494083281148
193.0,0.21395339898663934,0.02101353892576758
193.5,0.21369678550242602,0.020544450541260688
194.0,0.2134455978099272,0.020100290926031317
194.5,0.21319911192834468,0.01966159486579454
195.0,0.21295758132469908,0.019244204868705015
195.5,0.21272043288573078,0.01883329812176585
196.0,0.21248783426822462,0.018440782600080398
196.5,0.21225932864592875,0.018055351120367543
197.0,0.21203502103347394,0.017685945073910962
197.5,0.21181454453698634,0.01732392234450861
198.0,0.21159795873756482,0.016975987316656442
198.5,0.211384966548111,0.016635520323421787
199.0,0.21117559487674578,0.016307538929086148
199.5,0.21096960104132476,0.01598695999268265
200.0,0.21076698871901567,0.015677529342652187
200.5,0.21056755781923853,0.01537533261663333
201.0,0.21037129575511032,0.015083157176578103
201.5,0.21017803594419013,0.014797978890313625
202.0,0.20998775465827582,0.014521863146686218
202.5,0.20980031182003245,0.014252464875174389
203.0,0.209615676310098,0.01399130605946619
203.5,0.20943372914121336,0.01373656045904222
204.0,0.2092544345326876,0.013489341495771358
204.5,0.20907769038687732,0.013248220063155418
205.0,0.2089034582344265,0.01301400284564268
205.5,0.20873164959762827,0.012785565349649426
206.0,0.20856222473036817,0.012563484403028385
206.5,0.20839510621995005,0.012346869709047326
207.0,0.1985850011151579,1.0625197320959556
207.5,0.17126188813032397,3.585755451270249
208.0,0.14336186889731622,3.767156621817367
208.5,0.11228678230428527,3.876858647570516
209.0,0.09074626027936677,3.783201133373377
209.5,0.07110470065448132,4.057181561564468
210.0,0.05349470686964541,4.101110173417066
210.5,0.03692355943217308,4.103957927959147
211.0,0.02216142238090078,4.195355104522889
211.5,0.008267282841899544,4.54121527757541
212.0,-0.00520075009319651,4.494406486252654
212.5,-0.01703409436246359,4.586337148895743
213.0,-0.02748512810734214,4.687753802588981
213.5,-0.03693226387945657,4.786431474613122
214.0,-0.045402457429945024,4.881377663807982
214.5,-0.05287421842578421,4.969961434448611
215.0,-0.060260044284845535,4.871287789544959
215.5,-0.032511895978048044,4.9784444483252415
216.0,-0.008922341003486257,5.169061235609538
216.5,0.01246612142562595,5.063013137385606
217.0,0.032093493560479795,4.7602502662351
217.5,0.05195878625688247,4.809488000010475
218.0,0.07190328350687498,4.523736581778467
218.5,0.09288057716646009,4.473715187708366
219.0,0.11484941124448007,4.439354928744395
219.5,0.13642224215951315,4.084620643932962
220.0,0.16027190253748338,4.181238536325401
220.5,0.18426071449566336,4.087974914152878
221.0,0.20800492875192297,3.7530845813442486
221.5,0.23432637704727485,3.844500678775157
222.0,0.2588058817220947,3.6321535050019484
222.5,0.2654347422578324,1.7419490982775663
223.0,0.26034771137217533,0.4195670522654885
223.5,0.2517096566312275,0.3351617612649829
224.0,0.24272090128867094,0.23253103811585454
224.5,0.23898706448031026,0.1723816542366658
225.0,0.23655257946561176,0.13969718744559317
225.5,0.23457099164791861,0.11735796093059259
226.0,0.2327823988930856,0.10398231869383841
226.5,0.2311833854817329,0.09151693827692228
227.0,0.22970951974458903,0.08354161136989598
227.5,0.22837457636288877,0.07552732649295461
228.0,0.22713834402073593,0.06999634368542493
228.5,0.22600933035868684,0.06430366011119669
229.0,0.22495877594975194,0.0600938388743976
229.5,0.2239921949703914,0.055773513572752585
230.0,0.223088465074167,0.05240123236785984
230.5,0.22225134871110186,0.048984392295117155
231.0,0.22146511019556475,0.04620895642091856
231.5,0.22073234408630424,0.04355742538642295
232.0,0.22004120151898873,0.04154234223890097
232.5,0.219393448327026,0.03947372842534417
233.0,0.2187800849507698,0.03800884636796349
233.5,0.21820227836802503,0.03688233331966212
234.0,0.217653143209492,0.035731225678540396
234.5,0.21713341423494736,0.03468753692280061
235.0,0.2166377897983646,0.033634406605944626
235.5,0.21616669572188785,0.03266850040115286
236.0,0.21571602583184488,0.03170298323156482
236.5,0.2152859883404272,0.030809096881200832
237.0,0.21487338524429517,0.02992196461588593
237.5,0.21447827442449946,0.02909433928490326
238.0,0.21409815160433168,0.028277510661746857
238.5,0.2137329734858297,0.02751067071317024
239.0,0.21338076834106356,0.026757086414768646
239.5,0.21304142724941574,0.02604593808418737
240.0,0.21271338918769533,0.02534941535376262
240.5,0.2123965050410242,0.02468927040666524
241.0,0.21208953192181978,0.0240443715924566
241.5,0.21179229845799805,0.023430939285606602
242.0,0.21150380925685827,0.022832861213611295
242.5,0.21122388312688017,0.022262226952640508
243.0,0.21095171804282822,0.02170670969749183
243.5,0.21068713142668122,0.021175308526899903
244.0,0.210429472985244,0.020658560261057876
244.5,0.21017856429660137,0.02016314894362189
245.0,0.2099338746535285,0.01968178364392595
245.5,0.20969523326838416,0.01921941312807921
246.0,0.20946220410901645,0.018770398497012637
246.5,0.2092346260430985,0.018338387647107286
247.0,0.20901213834017132,0.01791900119391581
247.5,0.20879459053175992,0.01751491219426876
248.0,0.20858168206628044,0.017122703900073144
248.5,0.20837327345971757,0.01674431949997627
249.0,0.2081691124911848,0.016377079854981533
249.5,0.20796907052489538,0.01602238248637165
250.0,0.20777293435385524,0.015678114958381433
250.5,0.2075805857646734,0.01534526768180593
251.0,0.2073918432094398,0.015022164875833506
251.5,0.20720659829903795,0.014709494067309523
252.0,0.20702469531559953,0.014405916986830487
252.5,0.20684603500544618,0.01411189665577417
253.0,0.20667048284298756,0.01382635658919773
253.5,0.20649794798544496,0.013549594206337388
254.0,0.20632831339428556,0.013280736851254067
254.5,0.2061614959146458,0.013019960563248535
255.0,0.20599739302199302,0.012766552067718456
255.5,0.20583592855225627,0.012520599176843844
256.0,0.20567701209886458,0.012281513831877946
256.5,0.20552057383046846,0.012049320424329966
257.0,0.20536653351914944,0.011823529784350015
257.5,0.2052148270560705,0.011604121397486813
258.0,0.20383033952488488,0.1400499787382233
258.5,0.17467668741377898,3.524950114712693
259.0,0.14956989482461117,3.774024760979329
259.5,0.1166025004780648,3.626879685342347
260.0,0.09326900443106934,4.03328383300041
260.5,0.07368272149144538,3.9081943912442503
261.0,0.05578091738329852,3.908626323593677
261.5,0.03901192886080083,4.377624269289468
262.0,0.02314384796537777,4.191757946342752
262.5,0.008756581293312778,4.34670283047052
263.0,-0.004026876361010127,4.454703980036088
263.5,-0.01591519621697505,4.555145252826311
264.0,-0.026745580424995394,4.656921817739102
264.5,-0.03649336162941243,4.662778176211693
265.0,-0.044796321742243454,4.942631050008179
265.5,-0.052917935240017484,4.945145979765118
266.0,-0.05972399949864028,4.923202114205971
266.5,-0.06494386379490538,5.193942039858143
267.0,-0.07024548788291324,5.142838985662438
267.5,-0.07554384196831475,4.091154190013685
268.0,-0.0808339194364717,0.4139086326988824
268.5,-0.0720631104690616,0.3942367383309213
269.0,-0.06822112094428051,0.31684271729118696
269.5,-0.06530009479286016,0.2635195854939042
270.0,-0.0629605009055264,0.23490256495767112
270.5,-0.060945471379890086,0.2133584726131271
271.0,-0.05914846541177386,0.19645488041410372
271.5,-0.05752357051127101,0.18273474197265072
272.0,-0.05604459416288009,0.17129791874850425
272.5,-0.054692395464496196,0.16155405719448485
273.0,-0.05345131318813518,0.15309835482101808
273.5,-0.052308033267263555,0.14564525816279114
274.0,-0.051251089421616804,0.1389892504505084
274.5,-0.050270549074709424,0.13297984422331238
275.0,-0.049357775246749364,0.12750495460656944
275.5,-0.048505234323545164,0.12247961404833566
276.0,-0.04767507931088659,0.10090669285405482
276.5,-0.04723912786742897,0.1130088006265565
277.0,-0.04642493757526391,0.11023632566598898
277.5,-0.04574047579435526,0.10781718810973606
278.0,-0.045093802835762975,0.1059409182888183
278.5,-0.04448211773002925,0.10399312382314435
279.0,-0.04390024964081824,0.10199084316676633
279.5,-0.043344528891521135,0.09995085007231905
280.0,-0.04281220707458395,0.09788849860622353
280.5,-0.04230101616289663,0.09581706980259243
281.0,-0.04180899469473508,0.09374770361574238
281.5,-0.041334417576686405,0.09168958364046693
282.0,-0.04087575870708855,0.08965019800839494
282.5,-0.040431664641211604,0.0876355977335698
283.0,-0.0400009331845375,0.08565062561977882
283.5,-0.03958249509974085,0.08369911099858363
284.0,-0.03917539823067318,0.0817840333063054
284.5,-0.03877879365026597,0.07990765930962493
285.0,-0.03839192354255079,0.07807165853609879
285.5,-0.038014110582023364,0.07627720069963927
286.0,-0.03764474861112866,0.07452503815620619
286.5,-0.037283294446306965,0.07281557581589512
287.0,-0.03692926066769627,0.07114893047301989
287.5,-0.036582209268209306,0.06952498116492944
288.0,-0.03624174605467,0.06794341189936809
288.5,-0.03590751570814012,0.06640374787976971
289.0,-0.03557919742299121,0.06490538618431037
289.5,-0.03525650105445751,0.06344762171247077
290.0,-0.0349391637135341,0.06202966909632501
290.5,-0.03462694675551273,0.06065068116889916
291.0,-0.034319633115565996,0.05930976449977259
291.5,-0.034017024950018605,0.05800599243097901
292.0,-0.03371894154740089,0.056738415985706704
292.5,-0.03342521747761753,0.05550607296648154
293.0,-0.033135700951225804,0.054307995514212545
293.5,-0.03285025236450698,0.05314321635867317
294.0,-0.03256874300866462,0.05201077395874448
294.5,-0.03229105392409473,0.05090971669978777
295.0,-0.03201707488321967,0.04990543272645969
295.5,-0.03174670348672516,0.04896681364057746
296.0,-0.031479844360612685,0.04805151211058606
296.5,-0.031216408442278073,0.04715884634144257
297.0,-0.030956312345465403,0.046288154605919084
297.5,-0.030699477795384143,0.04543879492328526
298.0,-0.030445831125731595,0.044610144699656934
298.5,-0.03019530283084655,0.04380160033670584
299.0,-0.029947827166682317,0.04301257681618215
299.5,-0.02970334179514125,0.042242507265144565
300.0,-0.029461787466939775,0.04149084250736342
300.5,-0.029223107738631796,0.040757050604891716
301.0,-0.028987248720052473,0.04004061639343565
301.5,-0.02875415884876662,0.03934104101475786
302.0,-0.02852378868852736,0.038657841448474
302.5,-0.028296090749085383,0.03799055004588962
303.0,-0.028071019325018473,0.03733871406746405
303.5,-0.02784853035145877,0.036701895225462994
304.0,-0.02762858127486541,0.03607966923345754
304.5,-0.027411130937175673,0.03547162536327733
305.0,-0.027196139471987735,0.03487736601062674
305.5,-0.026983568211239324,0.03429650627004146
306.0,-0.026773379601478367,0.033728673519571525
306.5,-0.026565537128469815,0.03317350701563944
307.0,-0.02636000524946386,0.03263065749867101
307.5,-0.026156749332075627,0.03209978680914772
308.0,-0.025955735599177344,0.03158056751488007
308.5,-0.025756931079165768,0.03107268254880012
309.0,-0.025560303560989546,0.030575824858132247
309.5,-0.025365821553417774,0.030089697063872985
310.0,-0.025173454248142445,0.029614011131567582
310.5,-0.024983171486254983,0.029148488052178092
311.0,-0.024794943727758822,0.028692857533877656
311.5,-0.024608742023847423,0.028246857703576708
312.0,-0.024424537991543573,0.02781023481892679
312.5,-0.02424230379056261,0.0273827429899563
313.0,-0.0240620121020635,0.02696414391000117
313.5,-0.02388363610923845,0.026554206596576434
314.0,-0.023707149479332272,0.026152707140613452
314.5,-0.02353252634720119,0.025759428464936392
315.0,-0.023359741299989033,0.025374160091201626
315.5,-0.02318876936304044,0.024996697914982585
316.0,-0.023019585986762972,0.024626843988967896
316.5,-0.02285216703438687,0.024264406313914657
317.0,-0.022686488770606396,0.023909198637123232
317.5,-0.02252252785088823,0.023561040258077873
318.0,-0.022360261311474207,0.023219755841163276
318.5,-0.022199666559994655,0.022885175235087644
319.0,-0.022040721366544076,0.02255713329895781
319.5,-0.021883403855368414,0.022235469734444027
320.0,-0.021727692496877987,0.02192002892410998
320.5,-0.02157356610011851,0.02161065977573981
321.0,-0.02142100380559521,0.021307215571984235
321.5,-0.02126998507840145,0.02100955382570729
322.0,-0.02112048970169489,0.020717536140470182
322.5,-0.02097249777040284,0.02043102807599679
323.0,-0.020825989685191948,0.02014989901853348
323.5,-0.02068094614663537,0.019874022055961636
324.0,-0.020537348149704072,0.01960327385720473
324.5,-0.020395176978294627,0.01933753455611938
325.0,-0.020254414200003287,0.019076687639579044
325.5,-0.020115041661132097,0.018820619839365484
326.0,-0.019977041481724217,0.018569221028043065
326.5,-0.019840396050812312,0.018322384118690926
327.0,-0.019705088021813307,0.01808000496779433
327.5,-0.019571100307979664,0.01784198228202678
328.0,-0.019438416078037164,0.017608217528006388
328.5,-0.01930701875185189,0.01737861484543034
329.0,-0.019176891996322897,0.017153080963095035
329.5,-0.019048019721186676,0.01693152511802931
330.0,-0.018920386075118967,0.016713858977326024
330.5,-0.01879397544175381,0.016499996562801572
331.0,-0.018668772435884204,0.016289854178176702
331.5,-0.018544761899697875,0.016083350338850173
332.0,-0.018421928899079395,0.015880405704092077
332.5,-0.018300258720080852,0.01568094301154491
333.0,-0.018179736865266045,0.01548488701400598
333.5,-0.018060349050337165,0.015292164418365315
334.0,-0.017942081200678008,0.01510270382656912
334.5,-0.017824919448030184,0.014916435678739919
335.0,-0.0177088501271885,0.014733292198013568
335.5,-0.01759385977278301,0.014553207337542713
335.999999999999,-0.017479935116115227,0.014376116728840186
336.499999999999,-0.017367063082018998,0.014201957632411586
336.999999999998,-0.01725523078580812,0.014030668889462833
337.499999999998,-0.01714442553027868,0.013862190875759295
337.999999999997,-0.01703463480272937,0.013696465456548373
338.499999999997,-0.01692584627203566,0.013533435943356625
338.999999999996,-0.016818047785830244,0.013373047051881467
339.499999999996,-0.01671122736763772,0.013215244861640489
339.999999999996,-0.016605373214161015,0.013059976776491141
340.499999999995,-0.01650047369247033,0.012907191486850449
340.999999999995,-0.016396517337426936,0.012756838932996312
341.499999999994,-0.016293492848967445,0.012608870269315066
341.999999999994,-0.01619138908955648,0.012463237830229694
342.499999999993,-0.016090195081592488,0.012319895096679693
342.999999999993,-0.015989900004945313,0.012178796664105
343.499999999992,-0.01589049319446593,0.012039898211045579
343.999999999992,-0.01579196413752672,0.011903156469255648
344.499999999991,-0.01569430247168005,0.011768529194151717
344.999999999991,-0.01559749798228712,0.011635975136814225
345.499999999991,-0.015501540600198233,0.011505454016350253
345.99999999999,-0.015406420399463367,0.011376926493424953
346.49999999999,-0.015312127595139476,0.011250354144710628
346.999999999989,-0.015218652541021846,0.011125699437571343
